iter	Logloss
0	0.0357289855111	0.0125541303822	0.00807311637333	0.00635913956444	0.00586394446555	0.00532875772666	0.00433063687	77	0.00403222928	88	0.00393363499	9	0.003767581911010	0.003359944111111	0.003359915211212	0.002755627813	13	0.002573050114114	0.002573020115115	0.00226457311616	0.0021465422117	0.002052589177118	0.002005057766119	0.001855834942020	0.001749733292121	0.001648541952222	0.001648459542323	0.001584517422424	0.001584496772525	0.001501655382626	0.001501649562727	0.001501572362828	0.001501562732929	0.001501409083030	0.001501368413131	0.001501327803232	0.001415462033	33	0.00141534234	034	0.0014151235	0.35	0.001340236	0.036	0.001274037	0.037	0.001273938	0.038	0.001228639	0.39	0.0012285840	0.40	0.0012284841	0.41	0.0012284842	0.42	0.0012284843	0.43	0.0012284844	0.44	0.0012284345	045	0.00114045946	046	0.00114044647	47	0.001140441448	48	0.001140411349	49	0.001106138350	50	0.001106111751	51	0.001106069152	52	0.001106042553	53	0.001105477254	54	0.001105455155	55	0.00110541256	056	0.00110504557	057	0.00107757458	058	0.00107753159	059	0.00107753160	060	0.0010774461	0.61	0.0010773662	0.62	0.0010773563	0.63	0.0010773464	0.64	0.0010611765	0.65	0.0010059366	0.66	0.0010059067	0.67	0.0010058668	0.68	0.0010058269	0.69	0.001005870	0.070	0.001005871	0.071	0.000978872	0.072	0.000978873	0.73	0.00097874	0.00174	0.0009775	0.001075	0.000976	0.001076	0.0077	0.00104477	0.0078	0.00102278	0.0079	0.001022579	0.080	0.0010224980	0.81	0.00102246281	082	0.001022458682	83	0.001022426958384	0.001022426953885	0.001022395294
86	0.001022391705
87	0.001022388117
1087	0.0009785308466
0006855898083
87	0.0006855393603
4837
